,Year,Washington,Delaware,District of Columbia,Wisconsin,West Virginia,Hawaii,Florida,Wyoming,New Jersey,New Mexico,Texas,Louisiana,North Carolina,North Dakota,Nebraska,Tennessee,New York,Pennsylvania,Alaska,Nevada,New Hampshire,Virginia,Colorado,California,Alabama,Arkansas,Vermont,Illinois,Georgia,Indiana,Iowa,Massachusetts,Arizona,Idaho,Connecticut,Maine,Maryland,Oklahoma,Ohio,Utah,Missouri,Minnesota,Michigan,Rhode Island,Kansas,Montana,Mississippi,South Carolina,Kentucky,Oregon,South Dakota
0,1900,523000.0,185000.0,278000.0,2072000.0,959000.0,0.0,530000.0,93000.0,1884000.0,196000.0,3055000.0,1384000.0,1897000.0,321000.0,1067000.0,2023000.0,7283000.0,6313000.0,0.0,43000.0,412000.0,1858000.0,543000.0,1490000.0,1830000.0,1314000.0,344000.0,4828000.0,2220000.0,2518000.0,2231000.0,2788000.0,124000.0,163000.0,910000.0,695000.0,1189000.0,800000.0,4161000.0,277000.0,3108000.0,1754000.0,2423000.0,430000.0,1473000.0,245000.0,1553000.0,1342000.0,2148000.0,415000.0,403000.0
1,1901,583000.0,187000.0,285000.0,2109000.0,972000.0,0.0,544000.0,100000.0,1889000.0,206000.0,3132000.0,1412000.0,1926000.0,346000.0,1078000.0,2041000.0,7449000.0,6439000.0,0.0,45000.0,412000.0,1887000.0,581000.0,1550000.0,1907000.0,1341000.0,347000.0,4914000.0,2263000.0,2541000.0,2227000.0,2794000.0,131000.0,176000.0,931000.0,699000.0,1200000.0,916000.0,4216000.0,284000.0,3128000.0,1805000.0,2450000.0,441000.0,1490000.0,261000.0,1578000.0,1361000.0,2162000.0,434000.0,418000.0
2,1902,651000.0,188000.0,290000.0,2141000.0,1000000.0,0.0,565000.0,105000.0,1917000.0,218000.0,3210000.0,1440000.0,1956000.0,371000.0,1089000.0,2060000.0,7612000.0,6567000.0,0.0,49000.0,409000.0,1894000.0,621000.0,1623000.0,1935000.0,1360000.0,349000.0,4992000.0,2305000.0,2567000.0,2222000.0,2856000.0,138000.0,199000.0,952000.0,703000.0,1210000.0,1027000.0,4322000.0,292000.0,3147000.0,1862000.0,2477000.0,450000.0,1505000.0,270000.0,1603000.0,1379000.0,2177000.0,454000.0,431000.0
3,1903,719000.0,190000.0,295000.0,2171000.0,1037000.0,0.0,587000.0,108000.0,1969000.0,229000.0,3291000.0,1467000.0,1986000.0,396000.0,1104000.0,2082000.0,7771000.0,6699000.0,0.0,52000.0,394000.0,1890000.0,652000.0,1702000.0,1957000.0,1384000.0,350000.0,5071000.0,2346000.0,2594000.0,2217000.0,2924000.0,144000.0,216000.0,972000.0,709000.0,1209000.0,1118000.0,4386000.0,299000.0,3166000.0,1901000.0,2505000.0,460000.0,1498000.0,282000.0,1628000.0,1397000.0,2191000.0,479000.0,437000.0
4,1904,782000.0,192000.0,302000.0,2202000.0,1064000.0,0.0,599000.0,111000.0,2050000.0,242000.0,3374000.0,1495000.0,2017000.0,421000.0,1119000.0,2086000.0,7927000.0,6833000.0,0.0,56000.0,407000.0,1889000.0,659000.0,1792000.0,1978000.0,1419000.0,353000.0,5161000.0,2387000.0,2614000.0,2212000.0,2969000.0,151000.0,229000.0,987000.0,719000.0,1217000.0,1200000.0,4458000.0,308000.0,3185000.0,1945000.0,2534000.0,471000.0,1527000.0,293000.0,1653000.0,1415000.0,2205000.0,504000.0,452000.0
5,1905,842000.0,194000.0,308000.0,2231000.0,1094000.0,0.0,615000.0,114000.0,2151000.0,255000.0,3459000.0,1523000.0,2051000.0,446000.0,1129000.0,2111000.0,8084000.0,6970000.0,0.0,59000.0,423000.0,1917000.0,680000.0,1893000.0,2012000.0,1447000.0,354000.0,5241000.0,2427000.0,2635000.0,2211000.0,3018000.0,158000.0,246000.0,1010000.0,723000.0,1237000.0,1277000.0,4530000.0,316000.0,3204000.0,1981000.0,2579000.0,481000.0,1555000.0,305000.0,1678000.0,1433000.0,2220000.0,530000.0,461000.0
6,1906,904000.0,196000.0,313000.0,2250000.0,1122000.0,0.0,628000.0,118000.0,2239000.0,269000.0,3546000.0,1551000.0,2077000.0,474000.0,1138000.0,2136000.0,8289000.0,7110000.0,0.0,64000.0,415000.0,1942000.0,707000.0,1976000.0,2045000.0,1465000.0,355000.0,5309000.0,2466000.0,2663000.0,2214000.0,3107000.0,167000.0,262000.0,1033000.0,729000.0,1251000.0,1349000.0,4587000.0,327000.0,3223000.0,1987000.0,2626000.0,492000.0,1576000.0,322000.0,1703000.0,1451000.0,2234000.0,555000.0,477000.0
7,1907,967000.0,197000.0,317000.0,2268000.0,1149000.0,0.0,645000.0,125000.0,2314000.0,283000.0,3636000.0,1579000.0,2105000.0,501000.0,1149000.0,2136000.0,8499000.0,7253000.0,0.0,68000.0,423000.0,1952000.0,733000.0,2054000.0,2058000.0,1484000.0,355000.0,5384000.0,2505000.0,2679000.0,2217000.0,3183000.0,176000.0,277000.0,1057000.0,731000.0,1257000.0,1414000.0,4630000.0,339000.0,3242000.0,1995000.0,2693000.0,505000.0,1612000.0,332000.0,1728000.0,1468000.0,2249000.0,580000.0,498000.0
8,1908,1028000.0,199000.0,321000.0,2292000.0,1174000.0,0.0,684000.0,133000.0,2403000.0,298000.0,3727000.0,1607000.0,2142000.0,528000.0,1161000.0,2164000.0,8714000.0,7398000.0,0.0,73000.0,428000.0,1994000.0,757000.0,2161000.0,2070000.0,1513000.0,354000.0,5474000.0,2543000.0,2677000.0,2220000.0,3251000.0,186000.0,291000.0,1077000.0,735000.0,1269000.0,1498000.0,4677000.0,351000.0,3260000.0,2020000.0,2722000.0,519000.0,1629000.0,346000.0,1753000.0,1485000.0,2263000.0,610000.0,527000.0
9,1909,1091000.0,201000.0,327000.0,2317000.0,1203000.0,0.0,724000.0,141000.0,2487000.0,314000.0,3821000.0,1634000.0,2174000.0,555000.0,1177000.0,2177000.0,8935000.0,7546000.0,0.0,78000.0,431000.0,2038000.0,775000.0,2282000.0,2108000.0,1545000.0,356000.0,5567000.0,2580000.0,2678000.0,2223000.0,3316000.0,196000.0,311000.0,1097000.0,740000.0,1289000.0,1585000.0,4701000.0,363000.0,3279000.0,2051000.0,2771000.0,532000.0,1658000.0,363000.0,1777000.0,1502000.0,2278000.0,643000.0,553000.0
10,1910,1148000.0,203000.0,334000.0,2345000.0,1231000.0,0.0,756000.0,147000.0,2550000.0,329000.0,3922000.0,1667000.0,2221000.0,580000.0,1198000.0,2191000.0,9137000.0,7706000.0,0.0,82000.0,431000.0,2071000.0,804000.0,2406000.0,2150000.0,1583000.0,357000.0,5668000.0,2618000.0,2713000.0,2228000.0,3365000.0,206000.0,329000.0,1122000.0,745000.0,1302000.0,1671000.0,4786000.0,377000.0,3301000.0,2086000.0,2832000.0,545000.0,1692000.0,380000.0,1802000.0,1523000.0,2299000.0,677000.0,590000.0
11,1911,1167000.0,207000.0,344000.0,2369000.0,1266000.0,0.0,773000.0,150000.0,2610000.0,334000.0,4016000.0,1695000.0,2276000.0,584000.0,1216000.0,2197000.0,9249000.0,7850000.0,0.0,81000.0,432000.0,2092000.0,821000.0,2534000.0,2185000.0,1610000.0,358000.0,5757000.0,2644000.0,2751000.0,2249000.0,3383000.0,212000.0,343000.0,1149000.0,751000.0,1324000.0,1714000.0,4821000.0,387000.0,3317000.0,2119000.0,2916000.0,556000.0,1684000.0,397000.0,1810000.0,1548000.0,2324000.0,692000.0,602000.0
12,1912,1184000.0,209000.0,340000.0,2407000.0,1291000.0,0.0,801000.0,153000.0,2670000.0,338000.0,4107000.0,1709000.0,2313000.0,603000.0,1232000.0,2218000.0,9361000.0,7986000.0,0.0,81000.0,434000.0,2122000.0,832000.0,2668000.0,2217000.0,1636000.0,359000.0,5828000.0,2676000.0,2785000.0,2279000.0,3440000.0,217000.0,359000.0,1176000.0,753000.0,1345000.0,1737000.0,4893000.0,399000.0,3344000.0,2147000.0,2997000.0,567000.0,1671000.0,414000.0,1817000.0,1572000.0,2347000.0,706000.0,592000.0
13,1913,1209000.0,213000.0,358000.0,2438000.0,1317000.0,0.0,828000.0,157000.0,2729000.0,344000.0,4207000.0,1727000.0,2362000.0,609000.0,1246000.0,2257000.0,9473000.0,8139000.0,0.0,82000.0,439000.0,2176000.0,835000.0,2811000.0,2279000.0,1664000.0,361000.0,5961000.0,2733000.0,2824000.0,2305000.0,3534000.0,236000.0,371000.0,1208000.0,763000.0,1368000.0,1777000.0,4997000.0,410000.0,3409000.0,2190000.0,3101000.0,578000.0,1663000.0,433000.0,1827000.0,1599000.0,2374000.0,722000.0,584000.0
14,1914,1231000.0,216000.0,368000.0,2490000.0,1362000.0,0.0,871000.0,163000.0,2789000.0,348000.0,4300000.0,1740000.0,2421000.0,620000.0,1264000.0,2289000.0,9585000.0,8276000.0,0.0,83000.0,442000.0,2241000.0,846000.0,2934000.0,2336000.0,1688000.0,362000.0,6109000.0,2776000.0,2857000.0,2338000.0,3636000.0,253000.0,384000.0,1233000.0,772000.0,1389000.0,1824000.0,5109000.0,422000.0,3467000.0,2234000.0,3183000.0,589000.0,1662000.0,452000.0,1832000.0,1622000.0,2395000.0,736000.0,581000.0
15,1915,1239000.0,217000.0,361000.0,2535000.0,1387000.0,0.0,922000.0,167000.0,2850000.0,351000.0,4368000.0,1755000.0,2473000.0,641000.0,1272000.0,2294000.0,9700000.0,8362000.0,0.0,82000.0,443000.0,2294000.0,868000.0,3008000.0,2345000.0,1702000.0,360000.0,6194000.0,2810000.0,2873000.0,2366000.0,3705000.0,263000.0,394000.0,1258000.0,774000.0,1401000.0,1860000.0,5251000.0,430000.0,3492000.0,2273000.0,3263000.0,597000.0,1687000.0,469000.0,1826000.0,1635000.0,2401000.0,745000.0,585000.0
16,1916,1255000.0,219000.0,360000.0,2562000.0,1414000.0,0.0,924000.0,174000.0,2918000.0,354000.0,4444000.0,1799000.0,2513000.0,652000.0,1275000.0,2304000.0,9848000.0,8463000.0,0.0,82000.0,445000.0,2316000.0,892000.0,3071000.0,2359000.0,1719000.0,360000.0,6274000.0,2856000.0,2897000.0,2376000.0,3726000.0,282000.0,405000.0,1294000.0,775000.0,1415000.0,1907000.0,5366000.0,436000.0,3527000.0,2308000.0,3353000.0,598000.0,1727000.0,487000.0,1823000.0,1650000.0,2411000.0,756000.0,595000.0
17,1917,1287000.0,222000.0,385000.0,2587000.0,1439000.0,0.0,895000.0,186000.0,2976000.0,361000.0,4563000.0,1795000.0,2546000.0,661000.0,1285000.0,2331000.0,9993000.0,8578000.0,0.0,81000.0,447000.0,2313000.0,910000.0,3171000.0,2361000.0,1737000.0,372000.0,6313000.0,2885000.0,2910000.0,2382000.0,3738000.0,311000.0,413000.0,1327000.0,777000.0,1428000.0,1960000.0,5510000.0,444000.0,3470000.0,2329000.0,3451000.0,606000.0,1748000.0,505000.0,1820000.0,1675000.0,2421000.0,763000.0,599000.0
18,1918,1341000.0,220000.0,418000.0,2597000.0,1438000.0,0.0,865000.0,181000.0,3043000.0,382000.0,4666000.0,1746000.0,2522000.0,636000.0,1266000.0,2288000.0,9936000.0,8524000.0,0.0,77000.0,440000.0,2359000.0,906000.0,3262000.0,2343000.0,1749000.0,352000.0,6275000.0,2941000.0,2880000.0,2351000.0,3695000.0,320000.0,405000.0,1329000.0,760000.0,1467000.0,1969000.0,5547000.0,437000.0,3325000.0,2291000.0,3499000.0,604000.0,1729000.0,501000.0,1813000.0,1746000.0,2425000.0,763000.0,570000.0
19,1919,1333000.0,221000.0,445000.0,2600000.0,1464000.0,0.0,898000.0,191000.0,3136000.0,362000.0,4631000.0,1756000.0,2535000.0,648000.0,1290000.0,2305000.0,10252000.0,8643000.0,0.0,77000.0,443000.0,2318000.0,938000.0,3339000.0,2337000.0,1742000.0,352000.0,6392000.0,2870000.0,2906000.0,2379000.0,3785000.0,329000.0,424000.0,1359000.0,762000.0,1445000.0,2003000.0,5683000.0,446000.0,3371000.0,2346000.0,3591000.0,603000.0,1756000.0,534000.0,1790000.0,1687000.0,2413000.0,774000.0,606000.0
20,1920,1373000.0,219000.0,440000.0,2679000.0,1470000.0,0.0,962000.0,197000.0,3198000.0,363000.0,4723000.0,1813000.0,2588000.0,646000.0,1300000.0,2329000.0,10282000.0,8740000.0,0.0,78000.0,444000.0,2347000.0,937000.0,3554000.0,2359000.0,1756000.0,353000.0,6663000.0,2926000.0,2947000.0,2400000.0,3882000.0,340000.0,433000.0,1391000.0,771000.0,1464000.0,2055000.0,5799000.0,453000.0,3404000.0,2403000.0,3723000.0,613000.0,1769000.0,543000.0,1800000.0,1685000.0,2421000.0,788000.0,640000.0
21,1921,1405000.0,216000.0,446000.0,2722000.0,1485000.0,0.0,997000.0,203000.0,3297000.0,370000.0,4853000.0,1847000.0,2651000.0,646000.0,1309000.0,2369000.0,10416000.0,8900000.0,0.0,80000.0,449000.0,2395000.0,961000.0,3795000.0,2402000.0,1769000.0,355000.0,6858000.0,2965000.0,2976000.0,2407000.0,3951000.0,351000.0,435000.0,1415000.0,775000.0,1492000.0,2108000.0,5921000.0,457000.0,3429000.0,2434000.0,3872000.0,629000.0,1779000.0,546000.0,1823000.0,1693000.0,2436000.0,798000.0,652000.0
22,1922,1415000.0,214000.0,450000.0,2761000.0,1498000.0,0.0,1044000.0,208000.0,3380000.0,375000.0,4955000.0,1871000.0,2700000.0,647000.0,1312000.0,2424000.0,10589000.0,8982000.0,0.0,81000.0,451000.0,2412000.0,965000.0,3991000.0,2434000.0,1772000.0,354000.0,6958000.0,2965000.0,2965000.0,2428000.0,4010000.0,360000.0,436000.0,1431000.0,778000.0,1509000.0,2140000.0,6054000.0,467000.0,3437000.0,2451000.0,3942000.0,644000.0,1799000.0,543000.0,1836000.0,1692000.0,2450000.0,814000.0,660000.0
23,1923,1433000.0,215000.0,453000.0,2803000.0,1526000.0,0.0,1097000.0,211000.0,3472000.0,382000.0,5077000.0,1903000.0,2761000.0,648000.0,1321000.0,2463000.0,10752000.0,9148000.0,0.0,82000.0,453000.0,2423000.0,984000.0,4270000.0,2464000.0,1784000.0,354000.0,7068000.0,2954000.0,3042000.0,2425000.0,4057000.0,371000.0,436000.0,1455000.0,781000.0,1521000.0,2159000.0,6183000.0,474000.0,3454000.0,2487000.0,4063000.0,656000.0,1808000.0,538000.0,1858000.0,1699000.0,2480000.0,833000.0,669000.0
24,1924,1467000.0,219000.0,456000.0,2833000.0,1577000.0,0.0,1160000.0,215000.0,3573000.0,390000.0,5210000.0,1939000.0,2830000.0,642000.0,1333000.0,2502000.0,10953000.0,9383000.0,0.0,84000.0,457000.0,2426000.0,1014000.0,4541000.0,2501000.0,1800000.0,355000.0,7215000.0,2920000.0,3086000.0,2420000.0,4102000.0,382000.0,434000.0,1481000.0,788000.0,1537000.0,2179000.0,6319000.0,481000.0,3508000.0,2521000.0,4214000.0,669000.0,1807000.0,538000.0,1886000.0,1710000.0,2531000.0,856000.0,673000.0
25,1925,1494000.0,222000.0,461000.0,2863000.0,1593000.0,0.0,1264000.0,216000.0,3664000.0,396000.0,5332000.0,1972000.0,2895000.0,643000.0,1343000.0,2531000.0,11186000.0,9478000.0,0.0,85000.0,459000.0,2423000.0,1019000.0,4730000.0,2534000.0,1812000.0,355000.0,7306000.0,2883000.0,3119000.0,2427000.0,4154000.0,393000.0,436000.0,1506000.0,792000.0,1556000.0,2216000.0,6434000.0,487000.0,3526000.0,2540000.0,4331000.0,680000.0,1825000.0,535000.0,1910000.0,1718000.0,2520000.0,883000.0,682000.0
26,1926,1516000.0,225000.0,469000.0,2892000.0,1623000.0,0.0,1368000.0,217000.0,3758000.0,403000.0,5453000.0,2005000.0,2959000.0,651000.0,1353000.0,2553000.0,11257000.0,9594000.0,0.0,87000.0,463000.0,2419000.0,1016000.0,4929000.0,2567000.0,1826000.0,356000.0,7395000.0,2869000.0,3148000.0,2432000.0,4194000.0,403000.0,441000.0,1531000.0,793000.0,1576000.0,2256000.0,6504000.0,494000.0,3556000.0,2560000.0,4451000.0,681000.0,1836000.0,531000.0,1935000.0,1726000.0,2545000.0,905000.0,683000.0
27,1927,1538000.0,229000.0,476000.0,2916000.0,1671000.0,0.0,1418000.0,219000.0,3891000.0,410000.0,5577000.0,2039000.0,3027000.0,657000.0,1365000.0,2608000.0,11174000.0,9745000.0,0.0,88000.0,466000.0,2433000.0,1028000.0,5147000.0,2609000.0,1840000.0,357000.0,7519000.0,2891000.0,3191000.0,2441000.0,4223000.0,414000.0,447000.0,1557000.0,796000.0,1599000.0,2306000.0,6577000.0,500000.0,3576000.0,2588000.0,4589000.0,677000.0,1836000.0,527000.0,1962000.0,1736000.0,2551000.0,925000.0,682000.0
28,1928,1551000.0,233000.0,479000.0,2923000.0,1696000.0,0.0,1433000.0,220000.0,3968000.0,416000.0,5675000.0,2064000.0,3082000.0,665000.0,1371000.0,2624000.0,11599000.0,9802000.0,0.0,89000.0,468000.0,2435000.0,1014000.0,5344000.0,2640000.0,1847000.0,358000.0,7576000.0,2903000.0,3212000.0,2450000.0,4217000.0,422000.0,449000.0,1577000.0,797000.0,1610000.0,2344000.0,6608000.0,504000.0,3601000.0,2592000.0,4665000.0,678000.0,1850000.0,541000.0,1981000.0,1739000.0,2567000.0,936000.0,685000.0
29,1929,1555000.0,236000.0,483000.0,2934000.0,1717000.0,0.0,1445000.0,223000.0,3989000.0,420000.0,5762000.0,2086000.0,3133000.0,674000.0,1375000.0,2604000.0,12171000.0,9723000.0,0.0,90000.0,467000.0,2425000.0,1008000.0,5531000.0,2644000.0,1852000.0,359000.0,7606000.0,2903000.0,3226000.0,2460000.0,4229000.0,430000.0,447000.0,1594000.0,797000.0,1621000.0,2372000.0,6626000.0,508000.0,3622000.0,2572000.0,4795000.0,684000.0,1867000.0,524000.0,1998000.0,1739000.0,2606000.0,947000.0,690000.0
30,1930,1568000.0,239000.0,488000.0,2950000.0,1733000.0,0.0,1471000.0,226000.0,4068000.0,427000.0,5844000.0,2105000.0,3167000.0,682000.0,1380000.0,2619000.0,12647000.0,9649000.0,0.0,92000.0,466000.0,2427000.0,1040000.0,5711000.0,2647000.0,1859000.0,360000.0,7644000.0,2910000.0,3242000.0,2475000.0,4250000.0,434000.0,447000.0,1613000.0,800000.0,1636000.0,2401000.0,6662000.0,509000.0,3646000.0,2576000.0,4834000.0,686000.0,1883000.0,539000.0,2006000.0,1745000.0,2623000.0,956000.0,693000.0
31,1931,1581000.0,242000.0,504000.0,2990000.0,1740000.0,0.0,1493000.0,229000.0,4120000.0,436000.0,5907000.0,2124000.0,3184000.0,680000.0,1384000.0,2657000.0,12848000.0,9707000.0,0.0,94000.0,470000.0,2445000.0,1056000.0,5824000.0,2649000.0,1848000.0,359000.0,7687000.0,2924000.0,3257000.0,2482000.0,4248000.0,429000.0,454000.0,1628000.0,807000.0,1657000.0,2403000.0,6694000.0,513000.0,3711000.0,2614000.0,4798000.0,681000.0,1881000.0,540000.0,1994000.0,1753000.0,2652000.0,966000.0,694000.0
32,1932,1584000.0,245000.0,513000.0,3021000.0,1747000.0,0.0,1521000.0,230000.0,4120000.0,441000.0,5961000.0,2155000.0,3227000.0,676000.0,1386000.0,2711000.0,13001000.0,9764000.0,0.0,96000.0,474000.0,2452000.0,1066000.0,5894000.0,2653000.0,1836000.0,358000.0,7736000.0,2935000.0,3281000.0,2489000.0,4259000.0,426000.0,459000.0,1637000.0,815000.0,1678000.0,2394000.0,6717000.0,517000.0,3746000.0,2646000.0,4780000.0,677000.0,1883000.0,540000.0,2004000.0,1748000.0,2676000.0,972000.0,692000.0
33,1933,1592000.0,248000.0,529000.0,3040000.0,1752000.0,0.0,1552000.0,230000.0,4107000.0,449000.0,6014000.0,2178000.0,3268000.0,674000.0,1385000.0,2747000.0,13126000.0,9784000.0,0.0,96000.0,477000.0,2460000.0,1071000.0,5963000.0,2661000.0,1854000.0,357000.0,7768000.0,2950000.0,3304000.0,2495000.0,4282000.0,426000.0,464000.0,1642000.0,821000.0,1694000.0,2392000.0,6740000.0,520000.0,3773000.0,2673000.0,4780000.0,675000.0,1877000.0,541000.0,2031000.0,1752000.0,2698000.0,978000.0,690000.0
34,1934,1610000.0,250000.0,568000.0,3054000.0,1771000.0,0.0,1585000.0,233000.0,4089000.0,461000.0,6053000.0,2202000.0,3304000.0,672000.0,1382000.0,2784000.0,13253000.0,9795000.0,0.0,98000.0,480000.0,2485000.0,1075000.0,6060000.0,2685000.0,1878000.0,357000.0,7772000.0,2964000.0,3319000.0,2510000.0,4305000.0,428000.0,473000.0,1650000.0,829000.0,1710000.0,2391000.0,6751000.0,522000.0,3784000.0,2695000.0,4798000.0,675000.0,1868000.0,545000.0,2050000.0,1760000.0,2722000.0,985000.0,682000.0
35,1935,1629000.0,252000.0,608000.0,3070000.0,1794000.0,0.0,1613000.0,237000.0,4085000.0,475000.0,6123000.0,2228000.0,3323000.0,670000.0,1375000.0,2798000.0,13375000.0,9774000.0,0.0,100000.0,481000.0,2520000.0,1078000.0,6175000.0,2719000.0,1890000.0,357000.0,7797000.0,2955000.0,3332000.0,2524000.0,4343000.0,434000.0,481000.0,1666000.0,836000.0,1729000.0,2386000.0,6787000.0,526000.0,3798000.0,2717000.0,4838000.0,678000.0,1872000.0,550000.0,2061000.0,1769000.0,2748000.0,1001000.0,674000.0
36,1936,1653000.0,253000.0,629000.0,3082000.0,1808000.0,0.0,1651000.0,240000.0,4084000.0,489000.0,6192000.0,2246000.0,3346000.0,664000.0,1358000.0,2791000.0,13481000.0,9767000.0,0.0,101000.0,481000.0,2552000.0,1090000.0,6341000.0,2743000.0,1892000.0,357000.0,7840000.0,2978000.0,3348000.0,2509000.0,4355000.0,443000.0,495000.0,1672000.0,840000.0,1745000.0,2365000.0,6801000.0,527000.0,3801000.0,2734000.0,4889000.0,686000.0,1869000.0,554000.0,2072000.0,1781000.0,2768000.0,1025000.0,666000.0
37,1937,1681000.0,254000.0,616000.0,3088000.0,1813000.0,0.0,1709000.0,243000.0,4088000.0,503000.0,6250000.0,2257000.0,3385000.0,655000.0,1339000.0,2795000.0,13511000.0,9790000.0,0.0,103000.0,481000.0,2590000.0,1104000.0,6528000.0,2762000.0,1903000.0,356000.0,7857000.0,3037000.0,3374000.0,2498000.0,4358000.0,453000.0,507000.0,1678000.0,842000.0,1754000.0,2334000.0,6809000.0,529000.0,3794000.0,2746000.0,4968000.0,694000.0,1856000.0,554000.0,2086000.0,1802000.0,2784000.0,1048000.0,656000.0
38,1938,1698000.0,257000.0,638000.0,3098000.0,1828000.0,0.0,1771000.0,246000.0,4100000.0,513000.0,6301000.0,2285000.0,3440000.0,647000.0,1326000.0,2821000.0,13512000.0,9952000.0,0.0,105000.0,485000.0,2638000.0,1112000.0,6656000.0,2787000.0,1928000.0,356000.0,7866000.0,3091000.0,3386000.0,2494000.0,4365000.0,466000.0,513000.0,1684000.0,843000.0,1766000.0,2324000.0,6837000.0,535000.0,3781000.0,2753000.0,5056000.0,694000.0,1842000.0,552000.0,2127000.0,1834000.0,2800000.0,1067000.0,649000.0
39,1939,1715000.0,263000.0,658000.0,3121000.0,1868000.0,0.0,1836000.0,248000.0,4129000.0,523000.0,6360000.0,2334000.0,3514000.0,644000.0,1318000.0,2874000.0,13523000.0,9901000.0,0.0,107000.0,490000.0,2670000.0,1120000.0,6785000.0,2814000.0,1948000.0,358000.0,7890000.0,3120000.0,3403000.0,2520000.0,4347000.0,484000.0,521000.0,1696000.0,846000.0,1793000.0,2333000.0,6886000.0,543000.0,3783000.0,2771000.0,5156000.0,701000.0,1824000.0,555000.0,2168000.0,1872000.0,2825000.0,1081000.0,645000.0
40,1940,1740000.0,269000.0,690000.0,3143000.0,1907000.0,0.0,1915000.0,250000.0,4175000.0,531000.0,6425000.0,2370000.0,3574000.0,640000.0,1316000.0,2935000.0,13456000.0,9896000.0,0.0,113000.0,492000.0,2720000.0,1130000.0,6950000.0,2845000.0,1955000.0,363000.0,7905000.0,3119000.0,3433000.0,2537000.0,4318000.0,499000.0,522000.0,1708000.0,849000.0,1839000.0,2325000.0,6929000.0,552000.0,3786000.0,2790000.0,5315000.0,719000.0,1788000.0,558000.0,2176000.0,1902000.0,2859000.0,1086000.0,641000.0
41,1941,1789000.0,275000.0,764000.0,3140000.0,1885000.0,0.0,2017000.0,247000.0,4254000.0,506000.0,6585000.0,2484000.0,3589000.0,615000.0,1272000.0,2973000.0,13267000.0,9911000.0,0.0,120000.0,490000.0,2855000.0,1124000.0,7237000.0,2902000.0,1969000.0,348000.0,7995000.0,3179000.0,3483000.0,2491000.0,4389000.0,490000.0,501000.0,1746000.0,852000.0,1913000.0,2262000.0,6958000.0,551000.0,3811000.0,2718000.0,5472000.0,731000.0,1765000.0,543000.0,2184000.0,1962000.0,2824000.0,1071000.0,613000.0
42,1942,1901000.0,279000.0,851000.0,3053000.0,1831000.0,0.0,2151000.0,251000.0,4297000.0,502000.0,6711000.0,2546000.0,3569000.0,583000.0,1239000.0,2939000.0,13002000.0,9704000.0,0.0,137000.0,481000.0,3038000.0,1113000.0,7735000.0,2941000.0,1977000.0,343000.0,8057000.0,3209000.0,3507000.0,2439000.0,4370000.0,524000.0,478000.0,1792000.0,839000.0,1998000.0,2215000.0,6969000.0,575000.0,3829000.0,2662000.0,5549000.0,748000.0,1760000.0,518000.0,2210000.0,2007000.0,2797000.0,1107000.0,589000.0
43,1943,2027000.0,282000.0,900000.0,3014000.0,1741000.0,0.0,2451000.0,247000.0,4226000.0,534000.0,7012000.0,2565000.0,3654000.0,546000.0,1241000.0,2972000.0,12807000.0,9444000.0,0.0,151000.0,462000.0,3130000.0,1153000.0,8506000.0,2902000.0,1843000.0,327000.0,7761000.0,3245000.0,3449000.0,2334000.0,4257000.0,692000.0,500000.0,1792000.0,806000.0,2089000.0,2205000.0,6868000.0,631000.0,3705000.0,2577000.0,5405000.0,760000.0,1796000.0,485000.0,2280000.0,1967000.0,2693000.0,1221000.0,587000.0
44,1944,2092000.0,285000.0,881000.0,2980000.0,1706000.0,0.0,2420000.0,242000.0,4158000.0,527000.0,6876000.0,2508000.0,3560000.0,534000.0,1216000.0,2868000.0,12628000.0,9214000.0,0.0,153000.0,456000.0,3248000.0,1137000.0,8945000.0,2802000.0,1768000.0,314000.0,7719000.0,3176000.0,3440000.0,2301000.0,4192000.0,610000.0,529000.0,1778000.0,801000.0,2118000.0,2043000.0,6918000.0,605000.0,3560000.0,2526000.0,5467000.0,795000.0,1779000.0,469000.0,2167000.0,1943000.0,2631000.0,1233000.0,565000.0
45,1945,2206000.0,286000.0,876000.0,2961000.0,1708000.0,0.0,2465000.0,239000.0,4108000.0,537000.0,6826000.0,2429000.0,3533000.0,546000.0,1211000.0,2878000.0,12495000.0,9143000.0,0.0,149000.0,459000.0,3193000.0,1116000.0,9344000.0,2775000.0,1762000.0,315000.0,7601000.0,3119000.0,3427000.0,2308000.0,4201000.0,594000.0,507000.0,1769000.0,800000.0,2096000.0,2028000.0,6916000.0,591000.0,3516000.0,2537000.0,5475000.0,776000.0,1731000.0,477000.0,2090000.0,1934000.0,2597000.0,1250000.0,579000.0
46,1946,2288000.0,299000.0,899000.0,3167000.0,1826000.0,0.0,2440000.0,254000.0,4492000.0,561000.0,7197000.0,2556000.0,3706000.0,570000.0,1256000.0,3074000.0,13398000.0,9866000.0,0.0,143000.0,494000.0,3212000.0,1203000.0,9559000.0,2911000.0,1797000.0,342000.0,8155000.0,3242000.0,3702000.0,2467000.0,4494000.0,616000.0,509000.0,1906000.0,832000.0,2214000.0,2128000.0,7512000.0,638000.0,3746000.0,2734000.0,5874000.0,770000.0,1805000.0,514000.0,2064000.0,1936000.0,2761000.0,1338000.0,588000.0
47,1947,2211000.0,305000.0,888000.0,3250000.0,1883000.0,0.0,2528000.0,258000.0,4618000.0,582000.0,7388000.0,2579000.0,3769000.0,578000.0,1265000.0,3166000.0,13982000.0,10196000.0,0.0,149000.0,507000.0,3201000.0,1237000.0,9832000.0,2942000.0,1836000.0,354000.0,8341000.0,3272000.0,3779000.0,2509000.0,4580000.0,653000.0,522000.0,1967000.0,854000.0,2248000.0,2133000.0,7705000.0,636000.0,3845000.0,2796000.0,6076000.0,776000.0,1853000.0,531000.0,2107000.0,1992000.0,2803000.0,1361000.0,601000.0
48,1948,2255000.0,312000.0,840000.0,3314000.0,1899000.0,0.0,2578000.0,269000.0,4774000.0,604000.0,7626000.0,2596000.0,3837000.0,580000.0,1265000.0,3216000.0,14497000.0,10287000.0,0.0,156000.0,520000.0,3207000.0,1263000.0,10064000.0,2969000.0,1825000.0,359000.0,8552000.0,3259000.0,3877000.0,2543000.0,4674000.0,690000.0,551000.0,2014000.0,878000.0,2271000.0,2089000.0,7876000.0,653000.0,3844000.0,2868000.0,6213000.0,787000.0,1892000.0,542000.0,2076000.0,1996000.0,2817000.0,1405000.0,612000.0
49,1949,2294000.0,316000.0,807000.0,3391000.0,1930000.0,0.0,2668000.0,277000.0,4889000.0,644000.0,7623000.0,2634000.0,3911000.0,597000.0,1302000.0,3236000.0,14892000.0,10390000.0,0.0,157000.0,533000.0,3292000.0,1295000.0,10337000.0,3000000.0,1844000.0,369000.0,8670000.0,3325000.0,3958000.0,2578000.0,4741000.0,714000.0,570000.0,2032000.0,903000.0,2329000.0,2105000.0,7973000.0,671000.0,3882000.0,2935000.0,6332000.0,801000.0,1925000.0,569000.0,2085000.0,2029000.0,2849000.0,1431000.0,631000.0
50,1950,2387000.0,321000.0,806000.0,3438000.0,2006000.0,498000.0,2810000.0,290000.0,4872000.0,689000.0,7776000.0,2697000.0,4068000.0,619000.0,1327000.0,3315000.0,14865000.0,10507000.0,135000.0,162000.0,532000.0,3315000.0,1325000.0,10677000.0,3058000.0,1908000.0,379000.0,8738000.0,3458000.0,3967000.0,2625000.0,4686000.0,756000.0,590000.0,2016000.0,917000.0,2355000.0,2229000.0,7980000.0,696000.0,3964000.0,2997000.0,6407000.0,786000.0,1916000.0,593000.0,2176000.0,2113000.0,2936000.0,1532000.0,655000.0
51,1951,2424000.0,331000.0,808000.0,3439000.0,1984000.0,514000.0,2980000.0,291000.0,5006000.0,717000.0,8111000.0,2769000.0,4120000.0,604000.0,1316000.0,3372000.0,14890000.0,10461000.0,158000.0,168000.0,529000.0,3434000.0,1326000.0,11134000.0,3059000.0,1901000.0,378000.0,8790000.0,3531000.0,4096000.0,2617000.0,4654000.0,785000.0,589000.0,2028000.0,916000.0,2441000.0,2210000.0,8061000.0,706000.0,4015000.0,3010000.0,6497000.0,784000.0,1950000.0,596000.0,2163000.0,2167000.0,2941000.0,1556000.0,655000.0
52,1952,2448000.0,341000.0,805000.0,3469000.0,1957000.0,517000.0,3157000.0,293000.0,5125000.0,735000.0,8314000.0,2842000.0,4109000.0,608000.0,1311000.0,3352000.0,15192000.0,10503000.0,189000.0,181000.0,535000.0,3504000.0,1365000.0,11635000.0,3068000.0,1838000.0,375000.0,8956000.0,3584000.0,4148000.0,2626000.0,4650000.0,842000.0,587000.0,2081000.0,915000.0,2500000.0,2219000.0,8275000.0,724000.0,3972000.0,3030000.0,6650000.0,802000.0,1977000.0,602000.0,2152000.0,2178000.0,2920000.0,1582000.0,651000.0
53,1953,2466000.0,351000.0,810000.0,3506000.0,1929000.0,510000.0,3310000.0,290000.0,5229000.0,756000.0,8336000.0,2866000.0,4120000.0,609000.0,1318000.0,3319000.0,15527000.0,10662000.0,205000.0,195000.0,547000.0,3557000.0,1431000.0,12251000.0,3053000.0,1780000.0,379000.0,9065000.0,3558000.0,4182000.0,2629000.0,4806000.0,894000.0,596000.0,2168000.0,913000.0,2567000.0,2182000.0,8591000.0,739000.0,4020000.0,3050000.0,6822000.0,815000.0,1994000.0,616000.0,2105000.0,2181000.0,2903000.0,1601000.0,648000.0
54,1954,2516000.0,368000.0,791000.0,3608000.0,1905000.0,505000.0,3505000.0,293000.0,5360000.0,763000.0,8382000.0,2883000.0,4131000.0,611000.0,1340000.0,3359000.0,15814000.0,10817000.0,215000.0,213000.0,554000.0,3555000.0,1493000.0,12746000.0,3014000.0,1734000.0,377000.0,9252000.0,3602000.0,4264000.0,2626000.0,4910000.0,933000.0,600000.0,2249000.0,927000.0,2685000.0,2209000.0,8873000.0,750000.0,4066000.0,3113000.0,7066000.0,816000.0,2042000.0,624000.0,2064000.0,2176000.0,2902000.0,1626000.0,655000.0
55,1955,2604000.0,389000.0,785000.0,3679000.0,1880000.0,539000.0,3747000.0,307000.0,5502000.0,785000.0,8660000.0,2946000.0,4242000.0,615000.0,1374000.0,3415000.0,15966000.0,10939000.0,222000.0,237000.0,557000.0,3588000.0,1546000.0,13133000.0,3050000.0,1725000.0,375000.0,9435000.0,3636000.0,4363000.0,2679000.0,4882000.0,987000.0,618000.0,2300000.0,934000.0,2742000.0,2250000.0,9017000.0,783000.0,4134000.0,3172000.0,7285000.0,823000.0,2093000.0,636000.0,2060000.0,2200000.0,2910000.0,1659000.0,663000.0
56,1956,2668000.0,408000.0,759000.0,3742000.0,1857000.0,559000.0,4047000.0,312000.0,5615000.0,806000.0,8830000.0,3032000.0,4309000.0,613000.0,1397000.0,3415000.0,16112000.0,10972000.0,224000.0,250000.0,566000.0,3722000.0,1625000.0,13713000.0,3071000.0,1704000.0,377000.0,9530000.0,3701000.0,4458000.0,2703000.0,4891000.0,1053000.0,628000.0,2316000.0,938000.0,2811000.0,2273000.0,9207000.0,809000.0,4163000.0,3240000.0,7467000.0,840000.0,2119000.0,656000.0,2086000.0,2229000.0,2898000.0,1698000.0,670000.0
57,1957,2724000.0,426000.0,763000.0,3791000.0,1843000.0,584000.0,4372000.0,314000.0,5737000.0,847000.0,9070000.0,3115000.0,4368000.0,612000.0,1394000.0,3434000.0,16374000.0,10954000.0,231000.0,260000.0,572000.0,3844000.0,1664000.0,14264000.0,3109000.0,1733000.0,376000.0,9668000.0,3766000.0,4529000.0,2716000.0,4929000.0,1125000.0,642000.0,2359000.0,943000.0,2873000.0,2282000.0,9410000.0,826000.0,4189000.0,3274000.0,7569000.0,851000.0,2128000.0,667000.0,2088000.0,2274000.0,2928000.0,1712000.0,666000.0
58,1958,2773000.0,433000.0,757000.0,3843000.0,1845000.0,605000.0,4630000.0,315000.0,5890000.0,886000.0,9252000.0,3155000.0,4376000.0,606000.0,1383000.0,3471000.0,16601000.0,11058000.0,224000.0,269000.0,581000.0,3914000.0,1667000.0,14880000.0,3163000.0,1726000.0,380000.0,9886000.0,3804000.0,4583000.0,2708000.0,5010000.0,1193000.0,646000.0,2446000.0,944000.0,2982000.0,2267000.0,9599000.0,845000.0,4186000.0,3313000.0,7667000.0,858000.0,2142000.0,666000.0,2086000.0,2304000.0,2961000.0,1718000.0,656000.0
59,1959,2821000.0,441000.0,761000.0,3891000.0,1855000.0,622000.0,4808000.0,320000.0,6015000.0,919000.0,9405000.0,3208000.0,4458000.0,618000.0,1397000.0,3522000.0,16685000.0,11234000.0,224000.0,279000.0,596000.0,3951000.0,1710000.0,15467000.0,3204000.0,1756000.0,387000.0,9986000.0,3868000.0,4613000.0,2729000.0,5117000.0,1261000.0,657000.0,2523000.0,957000.0,3066000.0,2289000.0,9671000.0,870000.0,4258000.0,3366000.0,7767000.0,857000.0,2160000.0,669000.0,2138000.0,2348000.0,2999000.0,1746000.0,667000.0
60,1960,2855000.0,449000.0,765000.0,3962000.0,1853000.0,642000.0,5004000.0,331000.0,6103000.0,954000.0,9624000.0,3260000.0,4573000.0,634000.0,1417000.0,3575000.0,16838000.0,11329000.0,229000.0,291000.0,609000.0,3986000.0,1769000.0,15870000.0,3274000.0,1789000.0,389000.0,10086000.0,3956000.0,4674000.0,2756000.0,5160000.0,1321000.0,671000.0,2544000.0,975000.0,3113000.0,2336000.0,9734000.0,900000.0,4326000.0,3425000.0,7834000.0,855000.0,2183000.0,679000.0,2182000.0,2392000.0,3041000.0,1772000.0,683000.0
61,1961,2882000.0,461000.0,778000.0,4009000.0,1828000.0,659000.0,5243000.0,337000.0,6265000.0,965000.0,9820000.0,3287000.0,4663000.0,641000.0,1446000.0,3622000.0,17061000.0,11392000.0,238000.0,315000.0,618000.0,4095000.0,1844000.0,16497000.0,3316000.0,1806000.0,390000.0,10130000.0,4015000.0,4730000.0,2756000.0,5219000.0,1407000.0,684000.0,2586000.0,995000.0,3176000.0,2380000.0,9854000.0,936000.0,4349000.0,3470000.0,7893000.0,858000.0,2215000.0,696000.0,2206000.0,2409000.0,3054000.0,1787000.0,693000.0
62,1962,2942000.0,469000.0,788000.0,4049000.0,1809000.0,684000.0,5458000.0,333000.0,6376000.0,979000.0,10053000.0,3345000.0,4707000.0,637000.0,1464000.0,3673000.0,17301000.0,11355000.0,246000.0,352000.0,632000.0,4180000.0,1899000.0,17072000.0,3323000.0,1853000.0,393000.0,10280000.0,4086000.0,4736000.0,2750000.0,5263000.0,1471000.0,692000.0,2647000.0,994000.0,3263000.0,2427000.0,9929000.0,958000.0,4357000.0,3513000.0,7933000.0,871000.0,2231000.0,698000.0,2243000.0,2423000.0,3079000.0,1818000.0,705000.0
63,1963,2955000.0,483000.0,798000.0,4112000.0,1796000.0,682000.0,5628000.0,336000.0,6531000.0,989000.0,10159000.0,3377000.0,4742000.0,644000.0,1476000.0,3718000.0,17461000.0,11424000.0,256000.0,397000.0,649000.0,4276000.0,1936000.0,17668000.0,3358000.0,1875000.0,397000.0,10402000.0,4172000.0,4799000.0,2747000.0,5344000.0,1521000.0,683000.0,2727000.0,993000.0,3386000.0,2439000.0,9986000.0,974000.0,4392000.0,3531000.0,8058000.0,876000.0,2217000.0,703000.0,2244000.0,2460000.0,3096000.0,1853000.0,708000.0
64,1964,2961000.0,497000.0,798000.0,4165000.0,1797000.0,700000.0,5781000.0,339000.0,6660000.0,1006000.0,10270000.0,3446000.0,4802000.0,649000.0,1482000.0,3771000.0,17589000.0,11519000.0,263000.0,426000.0,663000.0,4357000.0,1970000.0,18151000.0,3395000.0,1897000.0,399000.0,10580000.0,4258000.0,4856000.0,2746000.0,5448000.0,1556000.0,680000.0,2798000.0,993000.0,3492000.0,2446000.0,10080000.0,978000.0,4442000.0,3558000.0,8187000.0,885000.0,2209000.0,706000.0,2241000.0,2475000.0,3129000.0,1888000.0,701000.0
65,1965,2967000.0,507000.0,797000.0,4232000.0,1786000.0,704000.0,5954000.0,332000.0,6767000.0,1012000.0,10378000.0,3496000.0,4863000.0,649000.0,1471000.0,3798000.0,17734000.0,11620000.0,271000.0,444000.0,676000.0,4411000.0,1985000.0,18585000.0,3443000.0,1894000.0,404000.0,10693000.0,4332000.0,4922000.0,2742000.0,5502000.0,1584000.0,686000.0,2857000.0,997000.0,3600000.0,2440000.0,10201000.0,994000.0,4467000.0,3592000.0,8357000.0,893000.0,2206000.0,706000.0,2246000.0,2494000.0,3140000.0,1937000.0,692000.0
66,1966,3057000.0,516000.0,791000.0,4274000.0,1775000.0,710000.0,6104000.0,323000.0,6851000.0,1007000.0,10492000.0,3550000.0,4896000.0,647000.0,1456000.0,3822000.0,17843000.0,11664000.0,271000.0,446000.0,681000.0,4456000.0,2007000.0,18858000.0,3464000.0,1899000.0,413000.0,10836000.0,4379000.0,4999000.0,2762000.0,5535000.0,1614000.0,689000.0,2903000.0,999000.0,3695000.0,2454000.0,10330000.0,1009000.0,4523000.0,3617000.0,8512000.0,899000.0,2200000.0,707000.0,2245000.0,2520000.0,3147000.0,1969000.0,683000.0
67,1967,3174000.0,525000.0,791000.0,4303000.0,1769000.0,723000.0,6242000.0,322000.0,6928000.0,1000000.0,10599000.0,3581000.0,4952000.0,626000.0,1457000.0,3859000.0,17935000.0,11681000.0,278000.0,449000.0,697000.0,4508000.0,2053000.0,19176000.0,3458000.0,1901000.0,423000.0,10947000.0,4408000.0,5053000.0,2793000.0,5594000.0,1646000.0,688000.0,2935000.0,1004000.0,3757000.0,2489000.0,10414000.0,1019000.0,4539000.0,3659000.0,8630000.0,909000.0,2197000.0,701000.0,2228000.0,2533000.0,3172000.0,1979000.0,671000.0
68,1968,3270000.0,534000.0,778000.0,4345000.0,1763000.0,734000.0,6433000.0,324000.0,7005000.0,994000.0,10819000.0,3603000.0,5004000.0,621000.0,1467000.0,3878000.0,18051000.0,11741000.0,285000.0,464000.0,709000.0,4558000.0,2120000.0,19394000.0,3446000.0,1902000.0,430000.0,10995000.0,4482000.0,5093000.0,2803000.0,5618000.0,1682000.0,695000.0,2964000.0,994000.0,3815000.0,2503000.0,10516000.0,1029000.0,4568000.0,3703000.0,8696000.0,922000.0,2216000.0,700000.0,2219000.0,2559000.0,3195000.0,2004000.0,669000.0
69,1969,3343000.0,540000.0,762000.0,4378000.0,1746000.0,750000.0,6641000.0,329000.0,7095000.0,1011000.0,11045000.0,3619000.0,5031000.0,621000.0,1474000.0,3897000.0,18105000.0,11741000.0,296000.0,480000.0,724000.0,4614000.0,2166000.0,19711000.0,3440000.0,1913000.0,437000.0,11039000.0,4551000.0,5143000.0,2805000.0,5650000.0,1737000.0,707000.0,3000000.0,992000.0,3868000.0,2535000.0,10563000.0,1047000.0,4640000.0,3758000.0,8781000.0,932000.0,2236000.0,694000.0,2220000.0,2570000.0,3198000.0,2062000.0,668000.0
70,1970,3413244.0,548104.0,756668.0,4417821.0,1744237.0,769913.0,6791418.000000001,332416.0,7171111.999999999,1017055.0,11198655.0,3644637.0,5084411.0,617791.9999999999,1485332.9999999998,3926018.0,18241391.0,11800766.000000002,302582.99999999994,488738.00000000006,737681.0,4651448.0,2209596.0,19971069.0,3444354.0000000005,1923322.0,444732.0,11110285.0,4587930.0,5195392.0,2825368.0,5689170.0,1775399.0,713015.0,3032217.0,993722.0,3923897.0,2559462.9999999995,10657423.0,1059273.0000000002,4677623.0,3806103.0,8881826.0,949723.0000000001,2249071.0,694409.0,2216994.0,2590712.9999999995,3220711.0,2091533.0,666257.0
71,1971,3447553.0,564708.0000000001,749781.0000000001,4462155.0,1770657.0000000002,801643.9999999999,7158304.0,340285.0,7281107.0,1053737.0,11509848.0,3710487.0,5203531.0,626760.0,1504604.0,4013607.9999999995,18357982.0,11886400.0,315510.0,520018.0,761851.0000000001,4750838.0,2303524.0,20345939.0,3497075.9999999995,1972312.0000000002,454318.00000000006,11202396.999999998,4711550.0,5253396.0,2851705.0,5737580.0,1895813.9999999998,738753.0,3060938.0,1015390.0,4018324.0,2618601.0,10734818.000000002,1101192.0,4725764.0,3853486.0,8974186.0,963107.0,2246600.0,710814.0,2265432.0000000005,2662269.0,3298053.0,2151022.0,671297.0
72,1972,3447885.0,572913.0,742241.0000000001,4502412.0,1797648.0,828331.0,7511463.000000001,347345.0,7335041.999999999,1078697.0,11759148.000000002,3761645.9999999995,5301150.0,631119.0,1519013.0,4094611.0,18339400.0,11908233.0,324464.0,546789.0,781107.0,4824472.0,2404619.0,20585468.999999996,3539400.0,2018638.0,463143.0,11251948.0,4809490.0,5302435.0,2860287.0000000005,5760302.0,2008291.0000000002,763237.0,3068699.0,1034291.9999999999,4073499.0000000005,2658645.9999999995,10746993.0,1135448.9999999998,4758780.0,3869747.0000000005,9028944.0,974790.0,2256375.0,718732.0,2307117.0,2719197.0,3335728.0,2197297.0,677233.9999999999
73,1973,3478782.0,577759.0,731488.0,4524244.000000001,1806360.0,851595.0,7913696.0,354061.0,7333083.000000001,1105529.0,12019543.0,3788375.0,5389852.0,632675.0,1529567.0,4147401.0,18177063.000000004,11890527.0,330543.0,568991.0,800951.0,4901292.0,2495868.0,20868728.0,3579780.0,2059255.9999999998,468430.0,11251367.0,4910374.0,5338276.999999999,2863715.0,5781172.0,2124438.0,782074.0,3067814.0000000005,1045655.0,4097974.0,2695930.9999999995,10767313.999999998,1170040.0,4782645.0,3889332.0000000005,9077956.0,975738.0,2265603.0,726798.0,2349546.0000000005,2776605.0,3371024.0000000005,2241932.0000000005,678715.0
74,1974,3549946.0,581418.0,717947.0,4545782.0,1815447.0,867978.0000000001,8298761.999999999,365501.0,7332411.0,1131309.0,12268628.999999998,3820109.0000000005,5470911.0,634559.0,1539191.0,4213509.0,18049775.0,11870883.999999998,341063.00000000006,596822.0,815914.0,4971069.0,2541406.0,21173865.0,3626499.0000000005,2101403.0,473001.99999999994,11262145.0,4999419.0,5361890.0,2867530.0,5773548.000000001,2223196.0,807990.0,3074047.0,1059040.0,4118814.9999999995,2734768.0,10765758.999999998,1200471.0,4795930.0,3903925.0,9117507.0,950615.0,2269499.0,736419.0,2378268.0,2844749.0000000005,3416315.0,2285013.0,679585.0
75,1975,3621339.0000000005,586589.0,706871.0000000001,4578986.0,1842250.0,886160.0,8518421.999999998,381695.0,7337765.0,1159944.0,12568843.0,3886104.0000000005,5547188.0,638886.0,1543117.0000000002,4275566.0,18003485.0,11906095.0,376170.0,619972.0,828555.0,5047395.0,2586192.0,21537849.0,3678814.0000000005,2159526.0,479713.0,11291743.0,5064075.0,5365766.0,2880847.0,5757755.999999999,2284847.0,831982.0,3082500.0,1071995.0,4139095.9999999995,2774683.0,10770425.0,1236030.0,4808308.0,3932515.0,9117668.0,942788.0,2280578.0,748208.0000000001,2399449.0,2902028.0,3467769.0,2329661.0,681041.9999999999
76,1976,3693610.0,590165.9999999999,692295.0,4595904.0,1879503.0,904191.0,8667379.0,396952.0,7339745.0,1189295.0,12904089.0,3950605.0,5607964.0,645797.0,1550911.0,4346928.0,17940541.0,11897378.0,400969.0,646975.0,845248.0,5121863.0,2632305.9999999995,21935909.0,3735139.0,2170161.0,484928.00000000006,11342853.000000002,5132812.0,5389088.000000001,2903082.0000000005,5743672.0,2346157.0,856983.0000000001,3083335.0,1088412.0,4150539.0000000005,2826815.0,10752662.0,1274928.0,4839029.0,3964680.0,9129205.0,946089.0,2301001.0,757317.0,2429756.0,2943657.0,3529257.0,2378262.0,686390.0
77,1977,3776050.0,591829.0000000001,677228.0000000001,4626514.0,1908088.0,918258.9999999999,8856183.0,413354.00000000006,7337169.0,1215720.0,13193050.0,4014459.0000000005,5685607.0,649769.0,1556842.0,4422920.999999999,17812602.0,11893591.0,403436.0,678333.0000000001,869763.0,5193112.0,2696140.0,22352396.0,3780403.0,2209010.0,491931.0,11386316.0,5219697.0,5425638.000000001,2913573.0,5738199.000000001,2425197.0,883468.9999999999,3085722.0,1103578.0,4169595.0000000005,2870014.0,10771393.999999998,1319512.0000000002,4863173.0,3989364.0,9171110.0,950230.0,2320647.0,769953.0,2459201.0,2991680.9999999995,3573692.9999999995,2446673.0,688480.0
78,1978,3889073.0,594776.0,665052.0,4646108.0,1923395.0,931584.0,9102032.0,432880.0,7350804.0,1238033.9999999998,13500428.999999998,4068579.0,5759491.999999999,651300.9999999999,1563884.0,4486314.0,17680589.0,11879396.0,404765.99999999994,719436.0,891520.0,5270240.0,2766748.0,22835958.0,3831836.0,2243127.0,498109.00000000006,11412561.000000002,5295751.0,5470214.0,2918069.0000000005,5736469.0,2515316.0000000005,910690.0,3091627.0,1113566.0,4183603.0,2917336.0,10795581.0,1367510.0,4889399.0,4015341.0,9217761.0,951816.0,2335657.0,782317.0,2487816.0000000005,3044364.0,3609975.9999999995,2518298.0,688580.0
79,1979,4017632.0,594984.0,650016.0,4682811.0,1942146.0,953306.0,9426159.0,454378.00000000006,7366512.0,1284722.0,13888371.000000002,4137665.0,5823491.0,652896.0,1567344.0,4560473.0,17583838.0,11887975.0,402753.00000000006,765367.0,909074.0,5307945.0,2849234.0000000005,23256880.0,3866248.0,2271333.0,505371.99999999994,11396837.0,5401384.0,5501174.0,2915739.0,5738404.0,2635571.0,932627.0,3095917.0,1122563.0,4191160.0,2975310.0,10798298.0,1420237.9999999998,4912430.0,4050316.0,9266268.0,950382.0,2350906.0,787305.0,2507069.0,3090267.0000000005,3641804.0,2588012.0,688335.0
80,1980,4154678.0,594919.0,638284.0,4712045.0,1951349.0,967710.0,9839835.0,474185.0,7376330.0,1309400.0,14338208.0,4223101.0,5898980.0,654380.0,1572296.0,4600252.0,17566754.0,11868305.0,405315.0,810215.0,924250.0,5368334.0,2908803.0,23800800.0,3900368.0,2288738.0,512524.0,11434702.0,5486174.0,5490721.0,2914018.0,5746075.0,2737774.0000000005,947983.0000000001,3113174.0000000005,1126860.0,4227643.0,3040758.0,10800650.0,1472595.0,4921965.999999999,4085017.0000000005,9255553.0,948773.0,2369038.9999999995,788752.0,2525342.0,3134502.0,3664220.9999999995,2641218.0,690851.0000000001
81,1981,4235731.0,595975.0,636893.0,4726343.0,1954124.0,978195.0,10192774.0,491712.0,7407472.0,1332747.9999999998,14746318.000000002,4283303.0,5956653.0,659505.0,1578515.0,4627657.999999999,17567734.0,11858567.0,418491.0,847655.0,936621.0000000001,5444097.0,2977897.9999999995,24285932.999999996,3918531.0,2293201.0,515594.00000000006,11443458.0,5568345.0,5480435.0,2907982.9999999995,5768685.0,2810107.0,962204.0,3128836.0,1133033.0000000002,4261905.0,3096164.0,10788330.0,1515471.0,4932064.0,4111728.0,9209287.0,953013.0,2384849.0,795328.0,2539036.0,3179255.0,3670394.0,2667982.0,689584.0
82,1982,4276552.0,599148.0,634174.0,4728870.0,1949604.0,993780.0,10471407.0,506400.0,7430968.000000001,1363822.9999999998,15331415.0,4352608.0,6019101.0,668972.0,1581780.0,4646041.0,17589738.0,11845146.0,449606.0,881536.9999999999,947718.9999999999,5492783.0,3061564.0000000005,24820009.0,3925265.9999999995,2294257.0,519109.00000000006,11423412.0,5649791.999999999,5467922.0,2888189.0000000005,5771222.0,2889861.0,973721.0,3139013.0,1136684.0,4282923.0,3206123.0,10757087.0,1558313.9999999998,4929451.0,4131450.0,9115198.0,954170.0,2401202.0,803986.0000000001,2556777.0,3207614.0,3683445.0,2664922.0,690597.0
83,1983,4300266.0,605458.0000000001,632433.0,4721438.0,1945061.0000000002,1012717.0,10749851.0,510345.0,7467785.0,1394361.0,15751676.000000002,4395316.0,6077056.0,676688.0,1584293.0,4659749.0,17686905.0,11837723.0,488417.0,901977.0,958133.9999999999,5564656.999999999,3133630.0,25360026.0,3934102.0000000005,2305761.0,523302.0,11408818.000000002,5728250.0,5450395.0,2870542.9999999995,5799406.999999999,2968925.0,981868.9999999999,3162354.0000000005,1144772.0,4313327.0,3290402.0,10737632.0,1594943.0,4943733.0,4141456.0,9047754.0,956382.0,2415531.0,814031.0000000001,2567717.0,3234066.0,3694484.0000000005,2653066.0,693008.0
84,1984,4343656.0,611565.0,633382.0,4735563.0,1927697.0,1027922.0,11039925.0,504895.99999999994,7515473.000000001,1416717.0,16007086.000000002,4400477.0,6164005.999999999,680497.0,1588639.0,4686737.0,17745683.999999996,11815171.999999998,513702.0,924922.0,976863.9999999999,5643870.0,3169992.0,25844392.999999996,3951820.0,2319768.0,526660.0,11412132.0,5834954.000000001,5458321.999999999,2858618.0,5840773.0,3067135.0,990839.0,3180014.0,1155635.0,4365242.999999999,3285533.0,10737746.000000002,1622342.0,4975278.0,4157706.0,9049452.0,961893.9999999999,2424086.0000000005,820905.0,2578051.0,3271868.0,3695453.0,2666587.9999999995,697248.9999999999
85,1985,4400098.0,618280.0,634549.0,4747767.0,1906831.0000000002,1039698.0000000001,11351118.0,499695.0,7565528.0,1438361.0,16272733.999999998,4408117.999999999,6253954.000000001,676980.0,1584664.0,4715295.999999999,17791672.0,11770862.0,532495.0,951030.0,996753.0,5715153.0,3208723.0,26441109.0,3972522.9999999995,2327046.0000000005,530035.0,11399806.0,5962661.0,5459210.999999999,2829684.0,5880733.0,3183538.0,994051.0,3201131.0,1162936.0000000002,4413071.0,3271332.0000000005,10734926.000000002,1642910.0,5000268.0,4184301.9999999995,9076293.0,968955.0,2427405.0,822320.0,2588102.0000000005,3303209.0000000005,3694825.9999999995,2672652.0,698401.9999999999
86,1986,4452720.0,627559.0,638269.0,4755617.999999999,1882350.0,1051762.0,11667505.0,495633.00000000006,7622159.000000001,1462729.0,16561113.000000002,4406919.0,6321578.0,669512.0,1574332.9999999998,4738708.0,17833418.999999996,11782752.0,544268.0,980613.0,1025053.0000000001,5811700.0,3237450.0,27102237.0,3991569.0000000005,2331984.0,534066.0,11387257.0,6084666.0,5454108.0,2791970.0,5902678.000000001,3308262.0,990223.9999999999,3223740.0,1170126.0,4486957.0,3252735.0,10730268.0,1662833.9999999998,5023068.0,4205212.0,9127775.0,977341.0,2432619.0,813738.9999999999,2593597.0,3342758.0,3687809.0,2683528.0,696034.0
87,1987,4531901.0,636947.0,636930.0,4777919.0,1857585.0,1067918.0000000002,11997283.000000002,476965.0,7670741.999999999,1478520.0,16621791.000000002,4344148.0,6403700.0,661136.0000000001,1566547.0,4782927.0,17868848.0,11810866.000000002,539309.0,1023376.0000000001,1054289.0,5932268.0,3260480.0,27777158.0,4015264.0,2342355.0,540266.9999999999,11391178.0,6208467.0,5473012.0,2767011.0,5935204.000000001,3437103.0,984997.0,3247290.9999999995,1184573.9999999998,4565557.0,3210122.0000000005,10760090.0,1678119.0,5056696.0,4235135.999999999,9187481.0,989603.9999999999,2445367.0,805063.0,2588545.0,3380506.0,3683329.0,2700991.0,696036.0
88,1988,4639893.0,647622.0,630432.0,4822388.0,1830215.0,1079828.0,12306395.0,465101.0,7712333.000000001,1490337.0000000002,16667022.0,4288863.0,6480594.0,655331.0,1571477.0,4822437.0,17941308.999999996,11845752.0,541983.0000000001,1075022.0,1082577.0,6036909.000000001,3262281.0,28464249.0,4023844.0,2342656.0,549763.0,11390183.0,6316142.0,5491735.0,2768388.0,5979982.0,3535183.0,985664.0,3271953.0,1203840.0,4657904.0,3167057.0000000005,10798552.0,1689372.0,5081736.0,4296166.0,9217998.0,996408.0,2461996.0,800202.0,2580352.0000000005,3412095.9999999995,3679999.0000000005,2741297.0,698165.0
89,1989,4746316.0,658273.0,624168.0,4856574.000000001,1806568.0,1094588.0,12637715.0,458374.0,7726089.0,1503901.0,16806735.0,4252894.0,6565459.0,646351.0,1574864.0,4854444.0,17983086.0,11865996.000000002,547159.0,1137382.0,1104522.0,6120246.0,3275817.9999999995,29218164.0,4030222.0,2346357.9999999995,557707.0,11409782.0,6411099.0,5523693.0,2770592.0,6015478.0,3622185.0,994416.0,3283403.0,1219961.0,4727300.999999999,3150307.0000000005,10829216.999999998,1705864.0,5095830.0,4338057.0,9253295.0,1000666.0,2472849.0,799636.0000000001,2574269.0,3456775.0,3677305.9999999995,2790575.0,696701.0
90,1990,4900780.0,669063.0,603814.0,4902265.0,1792481.0,1112703.0,13018365.0,453401.0,7757158.0,1519933.0,17044714.0,4219179.0,6656986.999999999,637364.0,1580664.0,4890626.0,18002855.0,11895604.0,553120.0,1218629.0,1111831.0000000002,6213526.0,3303862.0,29950111.0,4048508.0,2354343.0,564526.0,11446979.0,6506531.0,5555097.0,2779769.0,6018664.000000001,3679055.9999999995,1011882.0,3289055.9999999995,1231296.0,4797431.0,3147105.0,10861837.0,1729722.0000000002,5126370.0,4387282.999999999,9310462.0,1004648.9999999999,2480683.0,799824.0,2577426.0,3499064.0000000005,3692584.0000000005,2858547.0,696666.9999999999
91,1991,5013443.0,680495.0,593239.0,4952675.0,1798212.0000000002,1131412.0,13289497.0,457739.00000000006,7784269.0,1547115.0,17339904.0,4240950.0,6748135.0,634199.0000000001,1590805.0,4946885.999999999,18029532.0,11943160.0,569273.0,1285046.0,1107055.0,6283853.0,3367567.0,30414113.999999996,4091025.0,2370666.0,567141.0,11535973.0,6621279.0,5602062.0,2791227.0000000005,5998651.999999999,3762394.0,1038915.0,3288640.0,1235438.9999999998,4856175.999999999,3166470.9999999995,10933683.0,1771941.0,5157770.0,4427429.0,9395021.999999998,1003990.0,2495209.0,807837.0,2591230.0,3559470.0,3714685.9999999995,2918745.0,701445.0
92,1992,5139010.999999999,690158.0,584183.0,5004635.999999999,1805462.0000000002,1149926.0000000002,13504775.0,463491.0,7827770.0,1580750.0,17650479.0,4270849.0,6831850.0,635427.0,1602406.0,5013999.0,18082032.0,11980819.0,587073.0,1330694.0,1112766.0,6383315.0,3459995.0,30875920.0,4139269.0,2394098.0,570115.0,11635197.0,6759474.0,5648649.0,2806923.0,5993474.0,3867333.0,1066490.0,3274997.0000000005,1235748.0,4902545.0,3204174.0000000005,11007608.999999998,1821497.9999999998,5193686.0,4471503.0,9470323.0,1000571.0,2526042.0,822436.0,2610192.9999999995,3600575.9999999995,3756357.9999999995,2973934.0,708698.0
93,1993,5247704.000000001,699475.0,576358.0000000001,5055318.0,1816178.9999999998,1161508.0,13713593.0,469033.0,7874891.0,1614937.0000000002,17996764.0,4284749.0,6947411.999999999,637229.0,1612149.0,5085666.0,18140894.0,12022128.0,596993.0,1380197.0,1122191.0,6464795.0,3560884.0,31147208.0,4193114.0000000005,2423743.0,574004.0,11725983.999999998,6894092.0,5701965.0,2820525.0,6010884.0,3993390.0,1101204.0,3272325.0,1238256.0,4942504.0,3228829.0,11070385.0,1875993.0,5237757.000000001,4521709.0,9529240.0,997852.0,2547605.0,839876.0000000001,2635574.0,3634507.0,3792288.0,3034490.0,716258.0
94,1994,5334896.0,708416.0,564982.0,5095504.0,1818490.0,1173903.0,13961798.0,474982.0,7918795.999999999,1653329.0,18338319.0,4306500.0,7060959.0,639762.0,1621551.0000000002,5163016.0,18156652.0,12042545.0,600624.0,1456388.0,1133053.9999999998,6536771.0,3653910.0,31317179.0,4232965.0,2450605.0,578900.0,11804986.0,7045900.0,5745626.0,2829422.0,6031352.0,4147560.9999999995,1135458.9999999998,3268345.9999999995,1237687.0,4985411.0,3246119.0,11111451.0,1930436.0000000002,5281206.0,4566028.0,9584481.0,993411.9999999999,2569118.0,854923.0,2663450.0,3666455.9999999995,3823215.0,3087142.0000000005,723038.0
95,1995,5431024.0,718265.0,551273.0,5137004.0,1820560.0,1180490.0,14185403.0,478446.99999999994,7965523.0,1682417.0000000002,18679706.000000004,4327978.0,7185403.0,641548.0,1635142.0,5241168.0,18150928.0,12044780.0,601345.0,1525777.0,1145604.0,6601392.0,3738060.9999999995,31493525.0,4262731.0,2480121.0,582827.0,11884935.0,7188538.0,5791819.0,2840860.0,6062335.0,4306907.999999999,1165000.0,3265292.9999999995,1237438.0,5023650.0,3265547.0,11155493.0,1976774.0,5324610.0,4605445.0,9659871.0,989203.0,2586942.0,868521.9999999999,2690788.0,3699942.9999999995,3855248.0,3141421.0,728251.0000000001
96,1996,5509963.000000001,727090.0,538273.0,5173827.999999999,1818983.0,1184434.0,14426911.0,480085.0,8009624.0,1706151.0,19006240.0,4338763.0,7307658.0,642858.0000000001,1647657.0000000002,5313576.0,18143805.0,12038008.0,604918.0,1596476.0,1160768.0,6665491.0,3812716.0,31780828.999999996,4290403.0,2504857.9999999995,586352.0,11953003.0,7332225.0,5834908.0,2848473.0,6085393.0,4432308.0,1187706.0000000002,3267030.0,1241436.0000000002,5057142.0,3289634.0,11187032.0,2022253.0,5367888.000000001,4647723.0,9739184.000000002,987858.0000000001,2598266.0,876656.0000000001,2709925.0,3738974.0,3881051.0,3195087.0,730699.0
97,1997,5604105.0,735023.9999999999,528752.0,5200235.0,1815588.0,1189322.0,14683350.0,480031.0,8054178.000000001,1722938.9999999998,19355427.0,4351390.0,7428672.0,640945.0,1656042.0000000002,5378433.000000001,18143183.999999996,12015888.0,608846.0,1675581.0000000002,1173239.0,6732878.000000001,3891292.9999999995,32217708.0,4320281.0,2524007.0,588665.0,12011508.999999998,7486094.0,5872370.0,2854395.9999999995,6115476.0,4552207.0,1210638.0,3268514.0,1245215.0,5092914.000000001,3314259.0,11212498.0,2065397.0,5407113.0,4687726.0,9785450.0,986966.0,2616339.0,878706.0,2731825.9999999995,3790066.0,3907816.0,3243254.0000000005,730855.0
98,1998,5687831.999999999,744066.0,521425.99999999994,5222124.0,1811687.9999999998,1190472.0,14908230.0,480045.0,8095541.999999999,1733535.0,19712389.0,4362758.0,7545828.0,637808.0,1660772.0000000002,5432679.0,18159175.0,12002329.0,615205.0,1743772.0000000002,1185823.0,6789225.0,3968967.0,32682793.999999996,4351037.0,2538202.0,590579.0000000001,12069774.0,7636522.0,5907616.999999999,2861025.0,6144406.999999999,4667277.0,1230923.0,3272563.0,1247553.9999999998,5130072.0,3339478.0,11237752.0,2100562.0,5437562.0,4726411.0,9820231.0,987704.0,2638667.0,879533.0,2751335.0,3839578.0,3934310.0,3282055.0,730789.0
99,1999,5756361.0,753538.0,519000.0,5250446.0,1806928.0,1185497.0,15111243.999999998,479602.0,8143411.999999999,1739844.0,20044141.0,4372035.0,7650789.000000001,633665.9999999999,1666027.9999999998,5483535.0,18196601.000000004,11994016.000000002,619500.0,1809253.0,1201134.0,6872911.999999999,4056133.0,33145121.0,4369862.0,2551373.0,593740.0,12128370.0,7788240.0,5942901.0,2869413.0,6175169.0,4778332.0,1251700.0,3282031.0,1253040.0,5171634.0,3358044.0000000005,11256653.999999998,2129836.0000000005,5468338.000000001,4775508.0,9863775.0,990819.0,2654052.0,882779.0,2768619.0,3885736.0,3960825.0,3316154.0000000005,733133.0
100,2000,5910512.0,786373.0,572045.9999999999,5373999.0,1807021.0,1213519.0,16047515.0,494300.0,8430621.0,1821204.0,20944499.0,4471885.0,8081614.000000001,642023.0,1713820.0,5703719.0,19001780.0,12284173.0,627963.0000000001,2018741.0,1239882.0,7105816.999999999,4326920.999999999,33987977.0,4452173.0,2678587.9999999995,609618.0,12434161.0,8227303.0,6091866.0,2929067.0,6361104.0,5160585.999999999,1299430.0,3411777.0,1277072.0,5311034.000000001,3454365.0,11363543.0,2244502.0,5607285.0,4933692.0,9952450.0,1050268.0,2693680.9999999995,903773.0,2848353.0,4024223.0,4049020.9999999995,3429708.0,755843.9999999999
101,2001,5985722.0,795699.0,574504.0,5406835.0,1801481.0,1225948.0,16356966.0,494657.0,8492671.0,1831690.0,21319622.000000004,4477875.0,8210121.999999999,639062.0,1719836.0,5750789.000000001,19082838.0,12298970.0,633714.0,2098399.0,1255517.0,7198361.999999999,4425687.0,34479458.0,4467634.0,2691571.0,612223.0000000001,12488445.0,8377038.0,6127760.0,2931997.0000000005,6397634.0,5273477.0,1319962.0000000002,3432835.0,1285692.0,5374691.0,3467100.0,11387403.999999998,2283715.0,5641142.0,4982795.999999999,9991120.0,1057142.0,2702162.0000000005,906961.0,2852994.0,4064995.0,4068132.0,3467937.0,757972.0
102,2002,6052349.0,806169.0,573158.0,5445161.999999999,1805414.0,1239613.0,16689369.999999998,500017.0,8552643.0,1855309.0,21690325.0,4497267.0,8326200.999999999,638168.0,1728292.0000000002,5795918.000000001,19137800.0,12331031.0,642337.0,2173791.0,1269089.0,7286873.000000001,4490406.0,34871843.0,4480089.0,2705927.0,615442.0,12525556.0,8508256.0,6155967.0,2934234.0000000005,6417206.0,5396255.0,1340372.0,3458749.0000000005,1295960.0,5440389.0,3489080.0,11407889.0,2324815.0,5674825.0,5018935.0,10015710.0,1065995.0,2713535.0,911666.9999999999,2858680.9999999995,4107795.0,4089875.0,3513424.0000000005,760020.0
103,2003,6104115.0,818003.0,568502.0,5479203.0,1812295.0,1251154.0,17004085.0,503453.00000000006,8601402.0,1877573.9999999998,22030931.0,4521042.0,8422501.0,638817.0,1738642.9999999998,5847812.0,19175939.0,12374658.000000002,648414.0,2248850.0,1279840.0,7366977.0,4528732.0,35253159.0,4503491.0,2724816.0,617858.0000000001,12556006.000000002,8622793.0,6196638.000000001,2941999.0000000005,6422565.0,5510364.000000001,1363380.0,3484336.0,1306513.0,5496269.0,3504892.0000000005,11434788.0,2360137.0,5709403.0,5053572.0,10041152.0,1071341.9999999998,2723004.0000000005,919630.0,2868312.0,4150297.0000000005,4117170.0,3547375.9999999995,763728.9999999999
104,2004,6178645.0,830803.0,567754.0,5514026.0,1816437.9999999998,1273569.0,17415318.0,509106.0,8634561.0,1903808.0,22394022.999999996,4552238.0,8553152.0,644705.0,1749370.0,5910809.0,19171567.0,12410722.0,659286.0,2346222.0,1290121.0,7475575.0,4575013.0,35574576.0,4530729.0,2749685.9999999995,619920.0,12589773.000000002,8769252.0,6233007.0,2953635.0,6412281.0,5652404.0,1391802.0000000002,3496094.0,1313687.9999999998,5546935.0,3525232.9999999995,11452251.0,2401580.0,5747741.0,5087713.0,10055315.0,1074579.0,2734373.0,930008.9999999999,2889010.0,4210920.999999999,4146100.9999999995,3569462.9999999995,770396.0000000001
105,2005,6257305.0,845150.0,567136.0,5546166.0,1820492.0000000002,1292729.0,17842038.0,514156.99999999994,8651974.0,1932274.0,22778123.0,4576628.0,8705407.0,646089.0,1761497.0,5991057.0,19132610.0,12449990.0,666946.0,2432143.0,1298492.0,7577105.0,4631888.0,35827943.0,4569805.0,2781097.0,621215.0,12609903.0,8925921.999999998,6278616.0,2964454.0,6403290.0,5839076.999999999,1428241.0,3506955.9999999995,1318787.0,5592379.0,3548597.0,11463320.0,2457719.0,5790300.0,5119598.0,10051136.999999998,1067916.0000000002,2745299.0000000005,940102.0,2905942.9999999995,4270150.0,4182742.0,3613202.0,775493.0
106,2006,6370753.000000001,859268.0,570681.0,5577655.0,1827912.0,1309731.0,18166990.0,522666.99999999994,8661679.0,1962137.0000000002,23359580.0,4302665.0,8917270.0,649422.0,1772693.0,6088766.0,19104631.0,12510809.0,675302.0,2522658.0,1308389.0,7673725.0,4720423.0,36021202.00000001,4628981.0,2821761.0,622891.9999999999,12643955.0,9155813.0,6332669.0,2982644.0,6410084.0,6029141.0,1468668.9999999998,3517460.0,1323619.0,5627366.999999999,3594090.0,11481213.0,2525507.0,5842704.000000001,5163555.0,10036081.0,1063096.0,2762930.9999999995,952692.0,2904978.0,4357847.0,4219239.000000001,3670883.0,783033.0
107,2007,6461587.0,871748.9999999999,574404.0,5610775.0,1834052.0000000002,1315675.0,18367842.0,534876.0,8677885.0,1990070.0,23831982.999999996,4375581.0,9118037.0,652822.0,1783440.0,6175727.0,19132335.0,12563937.0,680300.0,2601072.0,1312540.0,7751000.0,4803867.999999999,36250311.0,4672840.0,2848650.0,623481.0,12695866.000000002,9349988.000000002,6379599.0,2999212.0,6431559.0,6167681.0,1505105.0,3527270.0,1327040.0,5653408.0,3634349.0,11500468.0,2597746.0,5887611.999999999,5207202.999999999,10001284.0,1057315.0,2783785.0,964706.0,2928350.0,4444110.0,4256672.000000001,3722417.0,791623.0
108,2008,6562231.0,883873.9999999999,580236.0,5640996.0,1840310.0,1332213.0,18527305.0,546043.0,8711090.0,2010662.0,24309039.0,4435585.999999999,9309449.0,657569.0,1796378.0,6247411.0,19212436.0,12612285.0,687455.0,2653630.0,1315906.0,7833496.0,4889730.0,36604337.0,4718206.0,2874554.0,624151.0,12747038.0,9504843.0,6424806.0,3016734.0000000005,6468967.0,6280361.999999999,1534320.0,3545579.0,1330509.0,5684965.0,3668975.9999999995,11515391.000000002,2663029.0000000005,5923916.0,5247018.0,9946889.000000002,1055003.0,2808075.9999999995,976415.0,2947805.9999999995,4528996.0,4289878.0,3768748.0,799123.9999999999
109,2009,6667425.999999999,891730.0,592228.0000000001,5669264.0,1847775.0,1346717.0,18652644.0,559851.0,8755601.999999998,2036802.0000000002,24801761.000000004,4491648.0,9449565.999999998,664968.0000000001,1812683.0,6306019.0,19307066.000000004,12666858.0,698895.0,2684665.0,1316102.0,7925937.0,4972195.0,36961229.0,4757938.0,2896843.0,624817.0,12796778.0,9620846.0,6459325.0,3032870.0,6517613.0,6343154.0,1554438.9999999998,3561807.0000000005,1329590.0,5730388.000000001,3717572.0,11528896.0,2723421.0,5961088.000000001,5281203.0,9901591.0,1053646.0,2832704.0,983982.0,2958774.0000000005,4589872.0,4317074.000000001,3808600.0,807067.0
110,2010,6742901.999999999,899595.0,605085.0,5690479.0,1854214.0,1363963.0,18845785.0,564483.0000000001,8799624.0,2064587.9999999998,25242679.0,4544532.0,9574293.0,674710.0,1829536.0,6355300.999999999,19400080.0,12711158.000000002,713906.0000000001,2702464.0000000005,1316777.0,8023680.0,5048281.0,37320903.0,4785448.0,2921978.0,625880.0,12840761.999999998,9711810.0,6490436.0,3050767.0000000005,6566431.0,6407774.0,1570773.0,3579125.0,1327632.0,5788642.0,3759632.0,11539327.0,2775334.0000000005,5995976.0,5310843.000000001,9877535.0,1053938.0,2858212.9999999995,990722.0,2970535.9999999995,4635656.0,4348200.0,3837532.0,816165.0
111,2011,6821655.0,907316.0,619602.0,5704755.0,1856073.9999999998,1379252.0000000002,19093352.0,567224.0,8827783.000000002,2080395.0,25646227.000000004,4575184.0,9656754.0,685136.0000000001,1840537.9999999998,6397410.0,19498514.0,12744583.0,722038.0,2712799.0000000005,1319815.0,8100469.0,5121771.0,37641823.0,4798834.0,2940407.0,626979.0,12867291.000000002,9801578.000000002,6516045.0,3066054.0,6613149.0,6473496.999999999,1583828.0,3588022.9999999995,1328150.0,5838991.0,3787821.0,11543463.0,2814216.0,6009641.0,5345668.000000001,9881521.0,1053536.0,2869035.0,997221.0,2978470.0,4671422.000000001,4369488.0,3871728.0,823483.9999999999
112,2012,6892876.0,915188.0,634725.0,5719855.0,1856764.0,1394905.0,19326230.0,576270.0,8845483.0,2087549.0,26089620.0,4600814.0,9749123.0,701116.0000000001,1853322.9999999998,6451281.0,19574549.0,12766827.0,730398.9999999999,2744566.0,1323962.0000000002,8185229.0,5193721.0,37960782.0,4815564.0,2952109.0000000005,626063.0,12884118.999999998,9901496.0,6537640.0,3076097.0,6663158.0,6556629.0,1595441.0,3594395.0,1327691.0,5887071.999999999,3818600.0,11548368.999999998,2853467.0,6024081.0,5376550.0,9896930.0,1054601.0,2885361.0,1003753.9999999999,2983767.0000000005,4717112.0,4386380.999999999,3899118.0,833496.0000000001
113,2013,6962906.0,923638.0,650431.0,5736951.999999999,1853872.9999999998,1408453.0,19563166.0,582123.0,8858362.0,2092792.0,26489464.0,4624577.0,9843599.0,721998.9999999999,1865414.0,6493432.0,19628043.0,12776621.000000002,737045.0,2776972.0,1326408.0,8253053.0,5270482.0,38280824.0,4830460.0,2959549.0000000005,626212.0,12898268.999999998,9973326.0,6568366.999999999,3093078.0,6713944.0,6634999.0,1611530.0,3594915.0,1328196.0000000002,5923704.000000001,3853205.0,11576576.0,2897927.0,6040658.0,5413693.0,9913349.0,1055122.0,2893510.0,1013564.0,2988797.0,4764153.0,4404817.0,3922908.0,842270.0
114,2014,7052439.0,932596.0,662513.0,5751974.0,1849467.0,1414862.0,19860330.0,582548.0,8866780.0,2090342.0,26977142.000000004,4644204.000000001,9933944.0,737382.0,1879522.0000000002,6540826.0,19656330.0,12789101.0,736307.0,2819012.0,1333223.0,8312075.999999999,5351218.000000001,38625138.99999999,4842481.0,2967725.9999999995,625218.0000000001,12888962.0,10069001.0,6593533.0,3109504.0000000005,6763651.999999999,6733840.0,1631479.0,3594783.0,1330760.0,5958165.0,3878367.0,11602973.0,2937399.0000000005,6056293.000000001,5451522.0,9930589.0,1056017.0,2900895.9999999995,1021891.0000000001,2990623.0,4823793.0,4414483.0,3964106.0,849088.0000000001
115,2015,7163543.000000001,941413.0,675253.9999999999,5761406.0,1841996.0,1422484.0,20224249.0,585668.0,8870869.0,2090211.0000000002,27486814.0,4664851.0,10033079.0,754021.9999999999,1891507.0,6590808.000000001,19661411.0,12785758.999999998,737547.0,2868665.9999999995,1336293.9999999998,8362906.999999999,5452107.0,38953142.0,4853160.0,2978407.0,625197.0,12864341.999999998,10181110.999999998,6608295.999999999,3121460.0,6795891.0,6833596.0,1651523.0,3587509.0,1328484.0,5986717.0,3909830.9999999995,11617850.0,2982497.0000000005,6071745.0,5482503.000000001,9932573.0,1056173.0,2909502.0,1030502.9999999999,2988692.9999999995,4892253.0,4425999.0,4016917.9999999995,853933.0
116,2016,7294680.0,949216.0,686575.0,5772958.000000001,1830928.9999999998,1428105.0,20629982.0,584290.0,8874516.0,2092788.9999999998,27937492.000000004,4678215.0,10156679.0,754353.0000000001,1905924.0,6645010.999999999,19641589.0,12783538.0,741503.9999999999,2919772.0,1342372.9999999998,8410946.0,5540920.999999999,39209127.0,4864745.0,2990410.0,623644.0,12826895.0,10304763.0,6633344.0,3131785.0,6826022.0,6945451.999999999,1682930.0,3578674.0000000005,1331370.0,6004691.999999999,3926769.0,11635003.0,3042613.0,6087203.0,5523409.000000001,9951890.0,1057063.0,2911263.0,1040863.0,2988298.0,4958235.0,4438229.0,4091404.0000000005,862890.0
117,2017,7425432.0,957078.0,695691.0,5792050.999999999,1817047.9999999998,1424203.0,20976812.0,578934.0,8888543.0,2093395.0,28322717.0,4670818.0,10270800.0,755176.0,1917575.0,6708794.0,19590718.999999996,12790447.0,739786.0,2972405.0,1349767.0,8465207.0,5615901.999999999,39399349.0,4875120.0,3002997.0000000005,624525.0,12786196.000000002,10413055.0,6660081.999999999,3143637.0,6863246.0,7048876.0,1718904.0,3573880.0,1335062.9999999998,6024891.0,3932640.0,11664128.999999998,3103118.0,6108611.999999999,5568155.0,9976447.0,1056486.0,2910689.0000000005,1053090.0,2989663.0,5021219.0,4453874.0,4146592.0000000005,873286.0
118,2018,7535590.999999999,967171.0,702455.0,5813568.0,1805832.0,1420491.0,21299325.0,577737.0,8908520.0,2095428.0,28701845.0,4659978.0,10383620.0,760077.0,1929267.9999999998,6770010.0,19542209.0,12807060.0,737438.0,3034392.0000000005,1356457.9999999998,8517685.0,5695564.0,39557045.0,4887871.0,3013825.0,626299.0,12741080.0,10519475.0,6691878.000000001,3156145.0,6902149.0,7171646.0,1754207.9999999998,3572665.0,1338404.0,6042718.000000001,3943079.0,11689442.0,3161105.0,6126451.999999999,5611179.0,9995915.0,1057315.0,2911505.0,1062305.0,2986530.0,5084127.0,4468402.0,4190712.9999999995,882235.0
